"","id","name","type","score2011","rank2011","score2009","rank2009","change","rankchange","nameWordCount","hasAcademy"
"1",194,"Maple Leaf Public School","Elementary",0.9915,1,0.9928,1,-0.00129999999999997,0,4,FALSE
"2",1355,"Lord Dufferin Junior and Senior Public School","Elementary",0.9869,2,0.9825,6,0.00439999999999996,-4,7,FALSE
"3",247,"Shoreham Public School","Elementary",0.9867,3,0.9862,4,0.000500000000000056,-1,3,FALSE
"4",1260,"Willow Park Junior Public School","Elementary",0.9835,4,0.9831,5,0.000400000000000067,-1,5,FALSE
"5",1391,"Regent Park/Duke of York Junior Public School","Elementary",0.9823,5,0.987,3,-0.00470000000000004,2,7,FALSE
"6",1382,"Nelson Mandela Park Public School","Elementary",0.9821,6,0.9901,2,-0.00800000000000001,4,5,FALSE
"7",126,"Flemington Public School","Elementary",0.98,7,0.9803,7,-0.000299999999999967,0,3,FALSE
"8",1403,"Sprucecourt Junior Public School","Elementary",0.9764,8,0.9802,8,-0.00379999999999991,0,4,FALSE
"9",100,"Driftwood Public School","Elementary",0.9753,9,0.9729,9,0.00239999999999996,0,3,FALSE
"10",296,"Yorkwoods Public School","Elementary",0.9673,10,0.9487,20,0.0186000000000001,-10,3,FALSE
"11",168,"Firgrove Public School","Elementary",0.9671,11,0.9637,10,0.00339999999999996,1,3,FALSE
"12",66,"Chalkfarm Public School","Elementary",0.9656,12,0.9588,13,0.00680000000000003,-1,3,FALSE
"13",190,"Lawrence Heights Middle School","Elementary",0.956,13,0.9537,16,0.00229999999999997,-3,4,FALSE
"14",1429,"Cordella Junior Public School","Elementary",0.9552,14,0.9313,24,0.0239,-10,4,FALSE
"15",180,"Brookview Middle School","Elementary",0.9519,15,0.9571,14,-0.00519999999999998,1,3,FALSE
"16",1146,"Eastview Junior Public School","Elementary",0.9518,16,0.9503,17,0.00149999999999995,-1,4,FALSE
"17",1364,"Metropolitan Toronto School for the Deaf","Elementary",0.9491,17,0.949,19,0.0001000000000001,-2,6,FALSE
"18",1438,"H J Alexander Community School","Elementary",0.9478,18,0.957,15,-0.00919999999999999,3,5,FALSE
"19",267,"Topcliff Public School","Elementary",0.945,19,0.9597,12,-0.0147,7,3,FALSE
"20",209,"Oakdale Park Middle School","Elementary",0.9443,20,0.9139,31,0.0304,-11,4,FALSE
"21",1398,"Ryerson Community School","Elementary",0.9365,21,0.9426,22,-0.00609999999999999,-1,3,FALSE
"22",1424,"Bala Avenue Community School","Elementary",0.9342,22,0.9493,18,-0.0151,4,4,FALSE
"23",144,"Gosford Public School","Elementary",0.9319,23,0.9611,11,-0.0292,12,3,FALSE
"24",26,"Baycrest Public School","Elementary",0.9299,24,0.9018,40,0.0280999999999999,-16,3,FALSE
"25",1437,"George Syme Community School","Elementary",0.9239,25,0.9304,25,-0.00649999999999995,0,4,FALSE
"26",1239,"St Margaret's Public School","Elementary",0.9237,26,0.941,23,-0.0173,3,4,FALSE
"27",1275,"Blake Street Junior Public School","Elementary",0.9234,27,0.9065,35,0.0169,-8,5,FALSE
"28",1123,"Cedar Drive Junior Public School","Elementary",0.921,28,0.9272,26,-0.00619999999999998,2,5,FALSE
"29",1428,"Charles E Webster Junior Public School","Elementary",0.92,29,0.9267,27,-0.00669999999999993,2,6,FALSE
"30",1445,"Keelesdale Junior Public School","Elementary",0.9155,30,0.9054,37,0.0101,-7,4,FALSE
"31",1154,"Galloway Road Public School","Elementary",0.9154,31,0.9463,21,-0.0309,10,4,FALSE
"32",1387,"Queen Alexandra Middle School","Elementary",0.9153,32,0.9057,36,0.00960000000000005,-4,4,FALSE
"33",54,"Calico Public School","Elementary",0.9133,33,0.8892,46,0.0241,-13,3,FALSE
"34",1174,"Highland Heights Junior Public School","Elementary",0.91,34,0.8694,55,0.0406000000000001,-21,5,FALSE
"35",211,"Beverley Heights Middle School","Elementary",0.9043,35,0.8918,45,0.0125,-10,4,FALSE
"36",1046,"Greenholme Junior Middle School","Elementary",0.9041,36,0.9174,29,-0.0133,7,4,FALSE
"37",28,"Blacksmith Public School","Elementary",0.9012,37,0.8525,59,0.0487,-22,3,FALSE
"38",1431,"Dennis Avenue Community School","Elementary",0.901,38,0.9233,28,-0.0223,10,4,FALSE
"39",1449,"Rockcliffe Middle School","Elementary",0.8978,39,0.889,47,0.00880000000000003,-8,3,FALSE
"40",1250,"Warden Avenue Public School","Elementary",0.8955,40,0.9158,30,-0.0203,10,4,FALSE
"41",15,"Amesbury Middle School","Elementary",0.8911,41,0.8974,44,-0.00629999999999997,-3,3,FALSE
"42",1853,"Portage Trail Community Middle School","Elementary",0.889,42,0.9048,38,-0.0158,4,5,FALSE
"43",1252,"West Hill Public School","Elementary",0.8872,43,0.8979,43,-0.0107,0,4,FALSE
"44",1203,"Mason Road Junior Public School","Elementary",0.8845,44,0.881,49,0.00349999999999995,-5,5,FALSE
"45",1447,"Lambton Park Community School","Elementary",0.8819,45,0.8392,70,0.0427000000000001,-25,4,FALSE
"46",1031,"Braeburn Junior School","Elementary",0.8791,46,0.9132,32,-0.0341,14,3,FALSE
"47",226,"Pelmo Park Public School","Elementary",0.8784,47,0.9119,34,-0.0335000000000001,13,4,FALSE
"48",1077,"Seneca School","Elementary",0.877,48,0.8424,64,0.0346,-16,2,FALSE
"49",270,"Tumpane Public School","Elementary",0.8766,49,0.9037,39,-0.0270999999999999,10,3,FALSE
"50",1207,"Military Trail Public School","Elementary",0.876,50,0.8993,42,-0.0233,8,4,FALSE
"51",246,"Sheppard Public School","Elementary",0.8749,51,0.8725,54,0.00239999999999996,-3,3,FALSE
"52",1444,"Kane Middle School","Elementary",0.8705,52,0.8342,72,0.0363,-20,3,FALSE
"53",46,"Brookhaven Public School","Elementary",0.8697,53,0.9006,41,-0.0308999999999999,12,3,FALSE
"54",260,"Stanley Public School","Elementary",0.8668,54,0.8736,53,-0.00680000000000003,1,3,FALSE
"55",1130,"Chester Le Junior Public School","Elementary",0.8618,55,0.7682,113,0.0936,-58,5,FALSE
"56",3997,"Africentric Alternative School","Elementary",0.861,56,NA,NA,NA,NA,3,FALSE
"57",166,"Highview Public School","Elementary",0.858,57,0.8477,60,0.0103,-3,3,FALSE
"58",1450,"Roselands Junior Public School","Elementary",0.8566,58,0.8784,50,-0.0217999999999999,8,4,FALSE
"59",1454,"Warren Park Junior Public School","Elementary",0.8544,59,0.809,89,0.0454,-30,5,FALSE
"60",1220,"Pringdale Gardens Junior Public School","Elementary",0.8487,60,0.8403,69,0.00839999999999996,-9,5,FALSE
"61",1217,"Peter Secor Junior Public School","Elementary",0.8483,61,0.8388,71,0.00950000000000006,-10,5,FALSE
"62",1156,"General Crerar Public School","Elementary",0.8465,62,0.8174,80,0.0291,-18,4,FALSE
"63",182,"Joyce Public School","Elementary",0.845,63,0.8424,65,0.00259999999999994,-2,3,FALSE
"64",1388,"Queen Victoria Junior Public School","Elementary",0.8428,64,0.8782,52,-0.0354,12,5,FALSE
"65",30,"Blaydon Public School","Elementary",0.8415,65,0.8448,62,-0.00329999999999997,3,3,FALSE
"66",1314,"First Nations Junior and Senior School of Toronto","Elementary",0.8415,66,0.913,33,-0.0715,33,8,FALSE
"67",1090,"West Glen Junior School","Elementary",0.8382,67,0.8784,51,-0.0402,16,4,FALSE
"68",1161,"Glen Ravine Junior Public School","Elementary",0.8371,68,0.8663,56,-0.0292,12,5,FALSE
"69",1163,"Grey Owl Junior Public School","Elementary",0.8343,69,0.8087,90,0.0256000000000001,-21,5,FALSE
"70",208,"O'Connor Public School","Elementary",0.8322,70,0.8283,73,0.00390000000000001,-3,3,FALSE
"71",1020,"Secord Elementary School","Elementary",0.8313,71,0.8404,68,-0.0091,3,3,FALSE
"72",1006,"Crescent Town Elementary School","Elementary",0.8309,72,0.8071,91,0.0237999999999999,-19,4,FALSE
"73",1137,"Corvette Junior Public School","Elementary",0.8298,73,0.81,88,0.0197999999999999,-15,4,FALSE
"74",1367,"Morse Street Junior Public School","Elementary",0.8295,74,0.8815,48,-0.0519999999999999,26,5,FALSE
"75",1357,"Lucy McCormick Senior School","Elementary",0.8284,75,0.8247,76,0.00370000000000004,-1,4,FALSE
"76",1452,"Silverthorn Junior Public School","Elementary",0.8283,76,0.844,63,-0.0156999999999999,13,4,FALSE
"77",1433,"Fairbank Memorial Community School","Elementary",0.8282,77,0.8126,85,0.0156000000000001,-8,4,FALSE
"78",1190,"Knob Hill Junior Public School","Elementary",0.8273,78,0.8578,58,-0.0305,20,5,FALSE
"79",1011,"George Webster Elementary School","Elementary",0.8257,79,0.8224,77,0.00329999999999997,2,4,FALSE
"80",94,"Downsview Public School","Elementary",0.825,80,0.7754,107,0.0496,-27,3,FALSE
"81",1283,"Carleton Village Junior and Senior Public School","Elementary",0.82,81,0.86,57,-0.04,24,7,FALSE
"82",1087,"Valleyfield Junior School","Elementary",0.8193,82,0.8407,67,-0.0214,15,3,FALSE
"83",1255,"Wexford Public School","Elementary",0.8189,83,0.7703,109,0.0486,-26,3,FALSE
"84",1282,"Bruce Junior Public School","Elementary",0.8187,84,0.7887,99,0.03,-15,4,FALSE
"85",1854,"Portage Trail Community Junior School","Elementary",0.818,85,0.8275,75,-0.00950000000000006,10,5,FALSE
"86",1384,"Parkdale Junior and Senior Public School","Elementary",0.8173,86,0.8275,74,-0.0102,12,6,FALSE
"87",1249,"Walter Perry Junior Public School","Elementary",0.8162,87,0.8211,78,-0.00490000000000002,9,5,FALSE
"88",1057,"Kingsview Village Junior School","Elementary",0.8156,88,0.8126,84,0.003,4,4,FALSE
"89",1426,"C R Marchant Middle School","Elementary",0.8107,89,0.8155,83,-0.00480000000000003,6,5,FALSE
"90",1263,"Woburn Junior Public School","Elementary",0.8105,90,0.7586,122,0.0518999999999999,-32,4,FALSE
"91",261,"Stilecroft Public School","Elementary",0.8105,91,0.7578,123,0.0527,-32,3,FALSE
"92",154,"Gulfstream Public School","Elementary",0.8101,92,0.7911,98,0.019,-6,3,FALSE
"93",1303,"Dundas Junior Public School","Elementary",0.8081,93,0.7556,125,0.0525,-32,4,FALSE
"94",90,"Daystrom Public School","Elementary",0.8059,94,0.7858,100,0.0200999999999999,-6,3,FALSE
"95",1440,"Harwood Public School","Elementary",0.8056,95,0.8101,87,-0.00450000000000006,8,3,FALSE
"96",152,"Grenoble Public School","Elementary",0.8026,96,0.7701,111,0.0325,-15,3,FALSE
"97",1084,"The Elms Junior Middle School","Elementary",0.8022,97,0.8412,66,-0.0389999999999999,31,5,FALSE
"98",1354,"Leslieville Junior Public School","Elementary",0.8,98,0.7683,112,0.0317000000000001,-14,4,FALSE
"99",1417,"William J McCordic School","Elementary",0.7997,99,0.8003,94,-0.000600000000000045,5,4,FALSE
"100",1419,"Winchester Junior and Senior Public School","Elementary",0.7978,100,0.7934,97,0.00439999999999996,3,6,FALSE
"101",1225,"Samuel Hearne Middle School","Elementary",0.7953,101,0.8046,92,-0.00929999999999997,9,4,FALSE
"102",1319,"General Mercer Junior Public School","Elementary",0.795,102,0.7569,124,0.0381,-22,5,FALSE
"103",91,"Derrydown Public School","Elementary",0.7921,103,0.7955,95,-0.00339999999999996,8,3,FALSE
"104",1165,"H A Halbert Junior Public School","Elementary",0.7916,104,0.7604,119,0.0312,-15,6,FALSE
"105",1434,"Fairbank Middle School","Elementary",0.7875,105,0.7527,126,0.0347999999999999,-21,3,FALSE
"106",1242,"Tecumseh Senior Public School","Elementary",0.781,106,0.8461,61,-0.0650999999999999,45,4,FALSE
"107",1157,"George B Little Public School","Elementary",0.7773,107,0.8203,79,-0.043,28,5,FALSE
"108",1259,"William Tredway Junior Public School","Elementary",0.7751,108,0.8039,93,-0.0287999999999999,15,5,FALSE
"109",1164,"Guildwood Junior Public School","Elementary",0.7735,109,0.7189,140,0.0546,-31,4,FALSE
"110",1302,"Duke of Connaught Junior and Senior Public School","Elementary",0.7702,110,0.7939,96,-0.0237000000000001,14,8,FALSE
"111",1139,"Danforth Gardens Public School","Elementary",0.77,111,0.8161,82,-0.0461,29,4,FALSE
"112",1394,"Rose Avenue Junior Public School","Elementary",0.7696,112,0.7838,102,-0.0142000000000001,10,5,FALSE
"113",1186,"John McCrae Senior Public School","Elementary",0.7647,113,0.778,104,-0.0133,9,5,FALSE
"114",1007,"D A Morrison Middle School","Elementary",0.7638,114,0.7134,141,0.0504,-27,5,FALSE
"115",1359,"Market Lane Junior and Senior Public School","Elementary",0.7617,115,0.8114,86,-0.0497,29,7,FALSE
"116",1214,"Oakridge Junior Public School","Elementary",0.7615,116,0.7586,121,0.0028999999999999,-5,4,FALSE
"117",1135,"Cliffside Public School","Elementary",0.7587,117,0.7668,115,-0.0081,2,3,FALSE
"118",1432,"F H Miller Junior Public School","Elementary",0.7574,118,0.7017,146,0.0557,-28,6,FALSE
"119",1115,"Bliss Carman Senior Public School","Elementary",0.7548,119,0.7368,133,0.018,-14,5,FALSE
"120",1223,"Robert Service Senior Public School","Elementary",0.7533,120,0.7651,116,-0.0118,4,5,FALSE
"121",212,"Elia Middle School","Elementary",0.7528,121,0.7375,132,0.0153,-11,3,FALSE
"122",1425,"Briar Hill Junior Public School","Elementary",0.7526,122,0.656,167,0.0966,-45,5,FALSE
"123",1016,"Parkside Elementary School","Elementary",0.7507,123,0.6846,153,0.0661,-30,3,FALSE
"124",1215,"Pauline Johnson Junior Public School","Elementary",0.7495,124,0.7196,139,0.0299,-15,5,FALSE
"125",1127,"Charles Gordon Senior Public School","Elementary",0.746,125,0.7242,136,0.0218,-11,5,FALSE
"126",1136,"Cornell Junior Public School","Elementary",0.7446,126,0.8173,81,-0.0727,45,4,FALSE
"127",213,"Pierre Laporte Middle School","Elementary",0.7412,127,0.7212,137,0.02,-10,4,FALSE
"128",1175,"Hunter's Glen Junior Public School","Elementary",0.7368,128,0.7672,114,-0.0304,14,5,FALSE
"129",1177,"Ionview Public School","Elementary",0.7324,129,0.6986,147,0.0338000000000001,-18,3,FALSE
"130",1063,"Melody Village Junior School","Elementary",0.7319,130,0.7489,127,-0.017,3,4,FALSE
"131",1273,"Beverley School","Elementary",0.7303,131,0.7806,103,-0.0503,28,2,FALSE
"132",1076,"Second Street Junior Middle School","Elementary",0.7278,132,0.6271,182,0.1007,-50,5,FALSE
"133",1180,"J G Workman Public School","Elementary",0.7259,133,0.7312,135,-0.00529999999999997,-2,5,FALSE
"134",1086,"Twentieth Street Junior School","Elementary",0.725,134,0.6942,149,0.0307999999999999,-15,4,FALSE
"135",1265,"Alexander Muir/Gladstone Ave Public School","Elementary",0.7229,135,0.7466,128,-0.0237000000000001,7,5,FALSE
"136",1393,"Roden Junior Public School","Elementary",0.7203,136,0.7701,110,-0.0498,26,4,FALSE
"137",1228,"Scarborough Village Public School","Elementary",0.72,137,0.6417,174,0.0782999999999999,-37,4,FALSE
"138",1041,"Elmlea Junior School","Elementary",0.7197,138,0.7201,138,-0.000399999999999956,0,3,FALSE
"139",135,"Humber Summit Middle School","Elementary",0.7191,139,0.7438,129,-0.0247000000000001,10,4,FALSE
"140",1286,"Charles G Fraser Junior Public School","Elementary",0.719,140,0.7101,142,0.00890000000000002,-2,6,FALSE
"141",1004,"Chester Elementary School","Elementary",0.7175,141,0.6729,157,0.0446,-16,3,FALSE
"142",1202,"Maryvale Public School","Elementary",0.7158,142,0.7428,130,-0.027,12,3,FALSE
"143",1171,"Heron Park Junior Public School","Elementary",0.7128,143,0.7425,131,-0.0297000000000001,12,5,FALSE
"144",1852,"North Kipling Junior Middle School","Elementary",0.7094,144,0.7759,106,-0.0665,38,5,FALSE
"145",1204,"McCowan Road Junior Public School","Elementary",0.7093,145,0.7776,105,-0.0682999999999999,40,5,FALSE
"146",1376,"Ogden Junior Public School","Elementary",0.7093,146,0.6968,148,0.0125000000000001,-2,4,FALSE
"147",1143,"Dorset Park Public School","Elementary",0.7088,147,0.7839,101,-0.0751000000000001,46,4,FALSE
"148",1406,"Sunny View Junior and Senior Public School","Elementary",0.7069,148,0.7711,108,-0.0642,40,7,FALSE
"149",1210,"Norman Cook Junior Public School","Elementary",0.7064,149,0.6863,152,0.0201,-3,5,FALSE
"150",130,"George Anderson Public School","Elementary",0.7062,150,0.7589,120,-0.0527,30,4,FALSE
"151",1187,"Joseph Brant Senior Public School","Elementary",0.7059,151,0.6595,165,0.0464,-14,5,FALSE
"152",1401,"Shirley Street Junior Public School","Elementary",0.7058,152,0.6806,154,0.0252,-2,5,FALSE
"153",1040,"Elmbank Junior Middle Academy","Elementary",0.7026,153,0.7606,118,-0.0580000000000001,35,4,TRUE
"154",129,"Gateway Public School","Elementary",0.7019,154,0.6702,159,0.0317,-5,3,FALSE
"155",1025,"Westwood Middle School","Elementary",0.7017,155,0.628,181,0.0737,-26,3,FALSE
"156",1125,"Cedarbrook Junior Public School","Elementary",0.7012,156,0.6915,150,0.00970000000000004,6,4,FALSE
"157",1023,"Valley Park Middle School","Elementary",0.7,157,0.6782,156,0.0217999999999999,1,4,FALSE
"158",1349,"Kent Senior Public School","Elementary",0.6906,158,0.6344,177,0.0562,-19,4,FALSE
"159",1069,"Parkfield Junior School","Elementary",0.6857,159,0.6241,186,0.0616,-27,3,FALSE
"160",1443,"J R Wilcox Community School","Elementary",0.6847,160,0.647,171,0.0377,-11,5,FALSE
"161",1103,"Anson Park Public School","Elementary",0.6842,161,0.6458,172,0.0384,-11,4,FALSE
"162",1312,"Essex Junior and Senior Public School","Elementary",0.6824,162,0.561,220,0.1214,-58,6,FALSE
"163",1448,"Rawlinson Community School","Elementary",0.6815,163,0.667,162,0.0145,1,3,FALSE
"164",1256,"White Haven Junior Public School","Elementary",0.6808,164,0.6671,161,0.0136999999999999,3,5,FALSE
"165",1038,"Dixon Grove Junior Middle School","Elementary",0.68,165,0.6595,166,0.0205000000000001,-1,5,FALSE
"166",1356,"Lord Lansdowne Junior and Senior Public School","Elementary",0.6747,166,0.6425,173,0.0322,-7,7,FALSE
"167",1022,"Thorncliffe Park Public School","Elementary",0.6719,167,0.6391,175,0.0328000000000001,-8,4,FALSE
"168",187,"Lamberton Public School","Elementary",0.6696,168,0.7093,143,-0.0397000000000001,25,3,FALSE
"169",1212,"North Bendale Junior Public School","Elementary",0.668,169,0.6478,170,0.0202,-1,5,FALSE
"170",1456,"Weston Memorial Junior Public School","Elementary",0.6666,170,0.5362,230,0.1304,-60,5,FALSE
"171",1183,"John A Leslie Public School","Elementary",0.6654,171,0.6153,190,0.0501,-19,5,FALSE
"172",1151,"Fairglen Junior Public School","Elementary",0.6613,172,0.7069,144,-0.0456,28,4,FALSE
"173",1026,"William Burgess Elementary School","Elementary",0.6606,173,0.5949,201,0.0657,-28,4,FALSE
"174",1160,"Glamorgan Junior Public School","Elementary",0.6602,174,0.6865,151,-0.0263,23,4,FALSE
"175",1280,"Brock Junior Public School","Elementary",0.6544,175,0.6784,155,-0.024,20,4,FALSE
"176",1386,"Perth Avenue Junior Public School","Elementary",0.6533,176,0.6687,160,-0.0154,16,5,FALSE
"177",1184,"John Buchan Senior Public School","Elementary",0.6516,177,0.596,200,0.0556,-23,5,FALSE
"178",1134,"Clairlea Public School","Elementary",0.6501,178,0.6489,169,0.00119999999999998,9,3,FALSE
"179",240,"Roywood Public School","Elementary",0.6488,179,0.6074,195,0.0414,-16,3,FALSE
"180",1381,"Pape Avenue Junior Public School","Elementary",0.6486,180,0.7331,134,-0.0845,46,5,FALSE
"181",146,"Gracefield Public School","Elementary",0.6472,181,0.6283,180,0.0189,1,3,FALSE
"182",1099,"Alexander Stirling Public School","Elementary",0.6467,182,0.6637,164,-0.0169999999999999,18,4,FALSE
"183",1385,"Pauline Junior Public School","Elementary",0.6446,183,0.6321,178,0.0125,5,4,FALSE
"184",10,"Ancaster Public School","Elementary",0.6429,184,0.7609,117,-0.118,67,3,FALSE
"185",1301,"Downtown Alternative School","Elementary",0.6379,185,0.5394,229,0.0985,-44,3,FALSE
"186",1416,"Wilkinson Junior Public School","Elementary",0.6333,186,0.6104,194,0.0228999999999999,-8,4,FALSE
"187",274,"Victoria Village Public School","Elementary",0.6307,187,0.6108,193,0.0199,-6,4,FALSE
"188",1093,"Westmount Junior School","Elementary",0.6299,188,0.5923,204,0.0376,-16,3,FALSE
"189",145,"Gracedale Public School","Elementary",0.6285,189,0.6713,158,-0.0428000000000001,31,3,FALSE
"190",1012,"Gordon A Brown Middle School","Elementary",0.6235,190,0.6494,168,-0.0258999999999999,22,5,FALSE
"191",1120,"Buchanan Public School","Elementary",0.6228,191,0.6284,179,-0.00559999999999994,12,3,FALSE
"192",1155,"General Brock Public School","Elementary",0.6214,192,0.7043,145,-0.0829000000000001,47,4,FALSE
"193",1348,"Kensington Community School","Elementary",0.62,193,0.6033,196,0.0167,-3,3,FALSE
"194",254,"Sloane Public School","Elementary",0.6176,194,0.5093,243,0.1083,-49,3,FALSE
"195",1053,"James S Bell Junior Middle School","Elementary",0.6135,195,0.5441,227,0.0694,-32,6,FALSE
"196",1300,"Dovercourt Junior Public School","Elementary",0.6109,196,0.5783,210,0.0326,-14,4,FALSE
"197",1028,"Beaumonde Heights Junior Middle School","Elementary",0.6097,197,0.5935,203,0.0162,-6,5,FALSE
"198",1168,"Henry Hudson Senior Public School","Elementary",0.6088,198,0.6258,184,-0.017,14,5,FALSE
"199",1321,"Gledhill Junior Public School","Elementary",0.6074,199,0.5848,208,0.0226000000000001,-9,4,FALSE
"200",1149,"Ellesmere-Statton Public School","Elementary",0.6057,200,0.5639,218,0.0418000000000001,-18,3,FALSE
"201",1287,"Church Street Junior Public School","Elementary",0.605,201,0.5945,202,0.0105,-1,5,FALSE
"202",181,"Rene Gordon Elementary School","Elementary",0.6043,202,0.598,199,0.00629999999999997,3,4,FALSE
"203",1094,"Westway Junior School","Elementary",0.5984,203,0.5208,236,0.0776,-33,3,FALSE
"204",120,"Fenside Public School","Elementary",0.598,204,0.5533,224,0.0447,-20,3,FALSE
"205",1194,"Lucy Maud Montgomery Public School","Elementary",0.5967,205,0.6139,192,-0.0172,13,5,FALSE
"206",1142,"Donwood Park Junior Public School","Elementary",0.5957,206,0.6666,163,-0.0709,43,5,FALSE
"207",1027,"Albion Heights Junior Middle School","Elementary",0.5949,207,0.5227,235,0.0721999999999999,-28,5,FALSE
"208",138,"Glen Park Public School","Elementary",0.5899,208,0.5672,216,0.0226999999999999,-8,4,FALSE
"209",1039,"Eatonville Junior School","Elementary",0.5888,209,0.5034,248,0.0854,-39,3,FALSE
"210",1342,"Jesse Ketchum Junior and Senior Public School","Elementary",0.587,210,0.5064,245,0.0806,-35,7,FALSE
"211",1024,"Victoria Park Elementary School","Elementary",0.5846,211,0.6203,189,-0.0357,22,4,FALSE
"212",70,"Charles H Best Middle School","Elementary",0.5814,212,0.4623,266,0.1191,-54,5,FALSE
"213",1052,"Islington Junior Middle School","Elementary",0.5796,213,0.5202,237,0.0594,-24,4,FALSE
"214",1036,"Claireville Junior School","Elementary",0.5775,214,0.6267,183,-0.0492,31,3,FALSE
"215",1258,"William G Miller Junior Public School","Elementary",0.5773,215,0.6152,191,-0.0378999999999999,24,6,FALSE
"216",1048,"Hilltop Middle School","Elementary",0.5764,216,0.5313,232,0.0451,-16,3,FALSE
"217",1162,"Golf Road Junior Public School","Elementary",0.5746,217,0.5779,212,-0.00329999999999997,5,5,FALSE
"218",1296,"Davisville Junior Public School","Elementary",0.5737,218,0.5197,238,0.0539999999999999,-20,4,FALSE
"219",96,"Donview Middle School","Elementary",0.573,219,0.5758,213,-0.00280000000000002,6,3,FALSE
"220",1159,"George Peck Public School","Elementary",0.5724,220,0.5617,219,0.0107,1,4,FALSE
"221",1182,"J S Woodsworth Senior Public School","Elementary",0.5687,221,0.558,221,0.0106999999999999,0,6,FALSE
"222",1147,"Edgewood Public School","Elementary",0.5687,222,0.6367,176,-0.0680000000000001,46,3,FALSE
"223",1247,"Tom Longboat Junior Public School","Elementary",0.5665,223,0.621,188,-0.0545,35,5,FALSE
"224",80,"Cresthaven Public School","Elementary",0.5658,224,0.621,187,-0.0552,37,3,FALSE
"225",1037,"David Hornell Junior School","Elementary",0.5585,225,0.5031,249,0.0554,-24,4,FALSE
"226",1119,"Brooks Road Public School","Elementary",0.5525,226,0.5138,239,0.0387,-13,4,FALSE
"227",1153,"Fleming Public School","Elementary",0.5518,227,0.5522,225,-0.000400000000000067,2,3,FALSE
"228",1198,"Malvern Junior Public School","Elementary",0.5509,228,0.5416,228,0.00929999999999997,0,4,FALSE
"229",1193,"Lord Roberts Junior Public School","Elementary",0.5499,229,0.6244,185,-0.0744999999999999,44,5,FALSE
"230",20,"Ranchdale Public School","Elementary",0.5446,230,0.4228,234,0.1218,-4,3,FALSE
"231",1078,"Seventh Street Junior School","Elementary",0.5437,231,0.4703,262,0.0734,-31,4,FALSE
"232",1150,"Emily Carr Public School","Elementary",0.5436,232,0.5343,231,0.00929999999999997,1,4,FALSE
"233",1158,"George P Mackie Junior Public School","Elementary",0.538,233,0.6021,198,-0.0640999999999999,35,6,FALSE
"234",1222,"Regent Heights Public School","Elementary",0.5377,234,0.5693,215,-0.0316000000000001,19,4,FALSE
"235",228,"Pineway Public School","Elementary",0.536,235,0.3918,308,0.1442,-73,3,FALSE
"236",1045,"George R Gauld Junior School","Elementary",0.5312,236,0.558,222,-0.0268,14,5,FALSE
"237",1021,"Selwyn Elementary School","Elementary",0.5299,237,0.3629,329,0.167,-92,3,FALSE
"238",1047,"Highfield Junior School","Elementary",0.5298,238,0.5864,206,-0.0566,32,3,FALSE
"239",1196,"Lynnwood Heights Junior Public School","Elementary",0.5294,239,0.578,211,-0.0486,28,5,FALSE
"240",1229,"Silver Springs Public School","Elementary",0.5266,240,0.6024,197,-0.0758000000000001,43,4,FALSE
"241",1306,"Earl Haig Junior Public School","Elementary",0.526,241,0.5842,209,-0.0582,32,5,FALSE
"242",1081,"Smithfield Middle School","Elementary",0.5259,242,0.5092,244,0.0167,-2,3,FALSE
"243",223,"Park Lane Public School","Elementary",0.5252,243,0.5054,247,0.0198,-4,4,FALSE
"244",1054,"John D Parker Junior School","Elementary",0.5247,244,0.5498,226,-0.0250999999999999,18,5,FALSE
"245",1144,"Dr Marion Hilliard Senior Public School","Elementary",0.5234,245,0.5546,223,-0.0312,22,6,FALSE
"246",1167,"Heather Heights Junior Public School","Elementary",0.5187,246,0.5868,205,-0.0680999999999999,41,5,FALSE
"247",1176,"Inglewood Heights Junior Public School","Elementary",0.5177,247,0.5859,207,-0.0681999999999999,40,5,FALSE
"248",1122,"C D Farquharson Junior Public School","Elementary",0.5144,248,0.5666,217,-0.0522,31,6,FALSE
"249",1199,"Manhattan Park Junior Public School","Elementary",0.5139,249,0.5711,214,-0.0572,35,5,FALSE
"250",1218,"Poplar Road Junior Public School","Elementary",0.5105,250,0.5122,240,-0.00170000000000003,10,5,FALSE
"251",1173,"Highland Creek Public School","Elementary",0.5057,251,0.5096,242,-0.00390000000000001,9,4,FALSE
"252",1369,"Niagara Street Junior Public School","Elementary",0.5036,252,0.4504,269,0.0532,-17,5,FALSE
"253",1030,"Bloorlea Middle School","Elementary",0.5031,253,0.4751,258,0.028,-5,3,FALSE
"254",184,"Kingslake Public School","Elementary",0.5022,254,0.4228,288,0.0794,-34,3,FALSE
"255",316,"Fisherville Middle School","Elementary",0.5018,255,0.4743,259,0.0275,-4,3,FALSE
"256",38,"Broadlands Public School","Elementary",0.4999,256,0.4489,270,0.051,-14,3,FALSE
"257",95,"Don Mills Middle School","Elementary",0.4979,257,0.4285,283,0.0694,-26,4,FALSE
"258",196,"Milne Valley Middle School","Elementary",0.4944,258,0.4904,253,0.004,5,4,FALSE
"259",1109,"Berner Trail Junior Public School","Elementary",0.4943,259,0.4855,255,0.00880000000000003,4,5,FALSE
"260",1111,"Birch Cliff Heights Public School","Elementary",0.4934,260,0.5105,241,-0.0170999999999999,19,5,FALSE
"261",1172,"Highcastle Public School","Elementary",0.4838,261,0.411,297,0.0728,-36,3,FALSE
"262",1189,"Kennedy Public School","Elementary",0.4815,262,0.4949,252,-0.0134,10,3,FALSE
"263",1185,"John G Diefenbaker Public School","Elementary",0.4794,263,0.4664,265,0.013,-2,5,FALSE
"264",111,"Ernest Public School","Elementary",0.4765,264,0.4695,263,0.00700000000000001,1,3,FALSE
"265",1446,"King George Junior Public School","Elementary",0.4721,265,0.4267,284,0.0454,-19,5,FALSE
"266",150,"Greenland Public School","Elementary",0.4707,266,0.4751,257,-0.00440000000000002,9,3,FALSE
"267",63,"Cassandra Public School","Elementary",0.4655,267,0.429,282,0.0365,-15,3,FALSE
"268",1121,"Burrows Hall Junior Public School","Elementary",0.4621,268,0.5257,233,-0.0635999999999999,35,5,FALSE
"269",1377,"Orde Street Junior Public School","Elementary",0.4619,269,0.4097,299,0.0522,-30,5,FALSE
"270",235,"Rockford Public School","Elementary",0.4609,270,0.4346,278,0.0263,-8,3,FALSE
"271",1181,"Jack Miner Senior Public School","Elementary",0.4608,271,0.497,250,-0.0362,21,5,FALSE
"272",345,"Woodbine Junior High School","Elementary",0.4596,272,0.373,326,0.0866,-54,4,FALSE
"273",1366,"Montrose Junior Public School","Elementary",0.4594,273,0.4462,272,0.0132,1,4,FALSE
"274",64,"Wilmington Elementary School","Elementary",0.455,274,0.4442,274,0.0108,0,3,FALSE
"275",1112,"Birch Cliff Public School","Elementary",0.449,275,0.3608,332,0.0882,-57,4,FALSE
"276",3999,"The Grove Community School","Elementary",0.447,276,NA,NA,NA,NA,4,FALSE
"277",1070,"Princess Margaret Junior School","Elementary",0.4461,277,0.3151,349,0.131,-72,4,FALSE
"278",1110,"Beverly Glen Junior Public School","Elementary",0.4416,278,0.4239,287,0.0177,-9,5,FALSE
"279",1042,"Étienne Brûlé Junior School","Elementary",0.4412,279,0.4264,285,0.0148,-6,4,FALSE
"280",201,"Muirhead Public School","Elementary",0.441,280,0.4506,268,-0.0096,12,3,FALSE
"281",1299,"Dewson Street Junior Public School","Elementary",0.4391,281,0.4445,273,-0.00540000000000002,8,5,FALSE
"282",1072,"Rivercrest Junior School","Elementary",0.4389,282,0.4869,254,-0.048,28,3,FALSE
"283",1390,"Regal Road Junior Public School","Elementary",0.4351,283,0.4688,264,-0.0337,19,5,FALSE
"284",1231,"Sir Ernest MacMillan Senior Public School","Elementary",0.4345,284,0.4374,277,-0.00290000000000001,7,6,FALSE
"285",1352,"King Edward Junior and Senior Public School","Elementary",0.4309,285,0.4406,275,-0.00969999999999999,10,7,FALSE
"286",1195,"Lynngate Junior Public School","Elementary",0.4283,286,0.4732,260,-0.0449,26,4,FALSE
"287",1100,"Alexmuir Junior Public School","Elementary",0.4271,287,0.485,256,-0.0579,31,4,FALSE
"288",1224,"Rouge Valley Public School","Elementary",0.4258,288,0.506,246,-0.0802,42,4,FALSE
"289",1055,"John English Junior Middle School","Elementary",0.4223,289,0.4622,267,-0.0399,22,5,FALSE
"290",1129,"Chartland Junior Public School","Elementary",0.422,290,0.4108,298,0.0112,-8,4,FALSE
"291",1089,"Wellesworth Junior School","Elementary",0.4168,291,0.4732,261,-0.0564,30,3,FALSE
"292",122,"Finch Public School","Elementary",0.4163,292,0.4121,296,0.00419999999999998,-4,3,FALSE
"293",1219,"Port Royal Public School","Elementary",0.4153,293,0.3762,322,0.0391,-29,4,FALSE
"294",1033,"Broadacres Junior School","Elementary",0.4128,294,0.3647,328,0.0481,-34,3,FALSE
"295",85,"Dallington Public School","Elementary",0.4062,295,0.3991,302,0.0071,-7,3,FALSE
"296",1245,"Timberbank Junior Public School","Elementary",0.4061,296,0.4096,300,-0.0035,-4,4,FALSE
"297",1241,"Tam O'Shanter Junior Public School","Elementary",0.4055,297,0.3776,321,0.0279,-24,5,FALSE
"298",230,"Pleasant Public School","Elementary",0.4046,298,0.3841,314,0.0205,-16,3,FALSE
"299",1235,"Sir Samuel B Steele Junior Public School","Elementary",0.3962,299,0.4155,292,-0.0193,7,7,FALSE
"300",273,"Cherokee Public School","Elementary",0.3954,300,0.4963,251,-0.1009,49,3,FALSE
"301",294,"Yorkview Public School","Elementary",0.3944,301,0.3732,325,0.0212,-24,3,FALSE
"302",1141,"David Lewis Public School","Elementary",0.3939,302,0.4037,301,-0.00980000000000003,1,4,FALSE
"303",1337,"Indian Road Crescent Junior Public School","Elementary",0.3919,303,0.419,289,-0.0271,14,6,FALSE
"304",1230,"Sir Alexander MacKenzie Senior Public School","Elementary",0.391,304,0.4136,294,-0.0226,10,6,FALSE
"305",185,"Lescon Public School","Elementary",0.3904,305,0.4256,286,-0.0352,19,3,FALSE
"306",1279,"Bowmore Road Junior and Senior Public School","Elementary",0.3897,306,0.4312,281,-0.0415,25,7,FALSE
"307",1170,"Heritage Park Public School","Elementary",0.3891,307,0.414,293,-0.0249,14,4,FALSE
"308",1105,"Banting and Best Public School","Elementary",0.3888,308,0.447,271,-0.0582,37,5,FALSE
"309",3992,"da Vinci School","Elementary",0.3887,309,NA,NA,NA,NA,3,FALSE
"310",233,"R J Lang Elementary and Middle School","Elementary",0.3848,310,0.3795,320,0.00529999999999997,-10,7,FALSE
"311",1178,"Iroquois Junior Public School","Elementary",0.384,311,0.3907,310,-0.00669999999999998,1,4,FALSE
"312",1133,"Churchill Heights Public School","Elementary",0.3831,312,0.3943,305,-0.0112,7,4,FALSE
"313",81,"Crestview Public School","Elementary",0.3827,313,0.3948,304,-0.0121,9,3,FALSE
"314",1420,"Winona Drive Senior Public School","Elementary",0.3824,314,0.4124,295,-0.03,19,5,FALSE
"315",1096,"Agincourt Junior Public School","Elementary",0.3818,315,0.3982,303,-0.0164,12,4,FALSE
"316",1106,"Bellmere Junior Public School","Elementary",0.3811,316,0.4332,279,-0.0521,37,4,FALSE
"317",1243,"Terraview-Willowfield Public School","Elementary",0.3804,317,0.2374,381,0.143,-64,3,FALSE
"318",1197,"Macklin Public School","Elementary",0.3784,318,0.4168,291,-0.0384,27,3,FALSE
"319",1108,"Bendale Junior Public School","Elementary",0.3758,319,0.376,323,-0.000199999999999978,-4,4,FALSE
"320",1379,"Ossington/Old Orchard Junior Public School","Elementary",0.3737,320,0.3829,316,-0.00920000000000004,4,5,FALSE
"321",1410,"The Waterfront School","Elementary",0.3727,321,0.2861,362,0.0866,-41,3,FALSE
"322",1169,"Henry Kelsey Senior Public School","Elementary",0.3724,322,0.3917,309,-0.0193,13,5,FALSE
"323",314,"Don Valley Junior High School","Elementary",0.372,323,0.3614,331,0.0106,-8,5,FALSE
"324",1029,"Bloordale Middle School","Elementary",0.3683,324,0.3446,338,0.0237,-14,3,FALSE
"325",1423,"Arlington Middle School","Elementary",0.3682,325,0.3546,335,0.0136,-10,3,FALSE
"326",1005,"Cosburn Middle School","Elementary",0.3669,326,0.3251,346,0.0418,-20,3,FALSE
"327",1216,"Percy Williams Junior Public School","Elementary",0.3662,327,0.3853,313,-0.0191,14,5,FALSE
"328",1291,"Clinton Street Junior Public School","Elementary",0.3643,328,0.3589,333,0.00540000000000002,-5,5,FALSE
"329",1238,"St Andrews Public School","Elementary",0.3635,329,0.369,327,-0.0055,2,4,FALSE
"330",1213,"North Bridlewood Junior Public School","Elementary",0.3631,330,0.3338,341,0.0293,-11,5,FALSE
"331",1363,"McMurrich Junior Public School","Elementary",0.3618,331,0.3879,311,-0.0261,20,4,FALSE
"332",1032,"Briarcrest Junior School","Elementary",0.3611,332,0.3939,306,-0.0328,26,3,FALSE
"333",1248,"Vradenburg Junior Public School","Elementary",0.3578,333,0.3052,355,0.0526,-22,4,FALSE
"334",1441,"Humbercrest Public School","Elementary",0.3563,334,0.3927,307,-0.0364,27,3,FALSE
"335",243,"Shaughnessy Public School","Elementary",0.3554,335,0.3434,339,0.012,-4,3,FALSE
"336",1320,"Givins/Shaw Junior Public School","Elementary",0.3526,336,0.3821,317,-0.0295,19,4,FALSE
"337",1148,"Elizabeth Simcoe Junior Public School","Elementary",0.3471,337,0.3539,336,-0.00679999999999997,1,5,FALSE
"338",127,"Forest Manor Public School","Elementary",0.3441,338,0.356,334,-0.0119,4,4,FALSE
"339",1208,"Milliken Public School","Elementary",0.339,339,0.3459,337,-0.00689999999999996,2,3,FALSE
"340",1118,"Brookmill Boulevard Junior Public School","Elementary",0.3389,340,0.4326,280,-0.0937,60,5,FALSE
"341",1117,"Brimwood Boulevard Junior Public School","Elementary",0.3382,341,0.4188,290,-0.0806,51,5,FALSE
"342",1351,"Kimberley Junior Public School","Elementary",0.3375,342,0.3839,315,-0.0464,27,4,FALSE
"343",1092,"West Humber Junior Middle School","Elementary",0.3364,343,0.3856,312,-0.0492,31,5,FALSE
"344",1179,"J B Tyrrell Senior Public School","Elementary",0.3341,344,0.3803,319,-0.0462,25,6,FALSE
"345",1267,"ALPHA Alternative Junior School","Elementary",0.333,345,0.3623,330,-0.0293,15,4,FALSE
"346",1304,"Earl Beatty Junior and Senior Public School","Elementary",0.3323,346,0.4401,276,-0.1078,70,7,FALSE
"347",102,"Dublin Heights Elementary and Middle School","Elementary",0.3298,347,0.3251,347,0.00469999999999998,0,6,FALSE
"348",322,"Highland Junior High School","Elementary",0.3244,348,0.2565,372,0.0679,-24,4,FALSE
"349",1211,"North Agincourt Junior Public School","Elementary",0.3222,349,0.3803,318,-0.0581,31,5,FALSE
"350",1104,"Anson S Taylor Junior Public School","Elementary",0.3222,350,0.3743,324,-0.0521,26,6,FALSE
"351",3363,"Avondale Public School","Elementary",0.3212,351,0.2137,393,0.1075,-42,3,FALSE
"352",1298,"Delta Alternative Senior School","Elementary",0.3178,352,0.2698,367,0.048,-15,4,FALSE
"353",3998,"Equinox Holistic Alternative School","Elementary",0.3131,353,NA,NA,NA,NA,4,FALSE
"354",186,"Lillian Public School","Elementary",0.313,354,0.3309,345,-0.0179,9,3,FALSE
"355",210,"Cummer Valley Middle School","Elementary",0.3119,355,0.29,360,0.0219,-5,4,FALSE
"356",3996,"ALPHA II Alternative School","Elementary",0.3112,356,0.2839,363,0.0273,-7,4,FALSE
"357",1336,"Huron Street Junior Public School","Elementary",0.3079,357,0.2532,376,0.0547,-19,5,FALSE
"358",266,"Three Valleys Public School","Elementary",0.3052,358,0.2686,368,0.0366,-10,4,FALSE
"359",348,"Zion Heights Junior High School","Elementary",0.3012,359,0.2647,369,0.0365,-10,5,FALSE
"360",1244,"Terry Fox Public School","Elementary",0.3007,360,0.3313,344,-0.0306,16,4,FALSE
"361",337,"Pleasant View Junior High School","Elementary",0.2984,361,0.3065,354,-0.0081,7,5,FALSE
"362",288,"Willowdale Middle School","Elementary",0.2972,362,0.2559,374,0.0413,-12,3,FALSE
"363",1347,"Keele Street Junior Public School","Elementary",0.2934,363,0.2572,371,0.0362,-8,5,FALSE
"364",1116,"Bridlewood Junior Public School","Elementary",0.2927,364,0.3188,348,-0.0261,16,4,FALSE
"365",1327,"Hawthorne II Bilingual Alternative Junior School","Elementary",0.2914,365,0.3149,350,-0.0235,15,6,FALSE
"366",170,"Hollywood Public School","Elementary",0.284,366,0.2897,361,-0.00570000000000004,5,3,FALSE
"367",1049,"Hollycrest Middle School","Elementary",0.2829,367,0.2956,359,-0.0127,8,3,FALSE
"368",1051,"Humberwood Downs Junior Middle Academy","Elementary",0.2811,368,0.2782,364,0.00290000000000001,4,5,TRUE
"369",1064,"Mill Valley Junior School","Elementary",0.2802,369,0.3334,343,-0.0532,26,4,FALSE
"370",34,"Brian Public School","Elementary",0.277,370,0.2995,357,-0.0225,13,3,FALSE
"371",198,"McKee Public School","Elementary",0.276,371,0.2599,370,0.0161,1,3,FALSE
"372",1201,"Mary Shadd Public School","Elementary",0.2737,372,0.339,340,-0.0653,32,4,FALSE
"373",1305,"Earl Grey Senior Public School","Elementary",0.2694,373,0.3335,342,-0.0641,31,5,FALSE
"374",118,"Faywood Arts-Based Curriculum School","Elementary",0.2667,374,0.2702,366,-0.0035,8,4,FALSE
"375",1097,"Agnes Macphail Public School","Elementary",0.2641,375,0.313,351,-0.0489,24,4,FALSE
"376",82,"Lester B Pearson Elementary School","Elementary",0.2621,376,0.2471,379,0.015,-3,5,FALSE
"377",1271,"Beaches Alternative Junior School","Elementary",0.2617,377,0.2257,387,0.036,-10,4,FALSE
"378",1311,"Eglinton Junior Public School","Elementary",0.2616,378,0.2516,377,0.01,1,4,FALSE
"379",1080,"Sir Adam Beck Junior School","Elementary",0.2558,379,0.2322,384,0.0236,-5,5,FALSE
"380",188,"Cliffwood Public School","Elementary",0.2539,380,0.2562,373,-0.00229999999999997,7,3,FALSE
"381",1209,"Morrish Public School","Elementary",0.2477,381,0.1961,398,0.0516,-17,3,FALSE
"382",1018,"R H McGregor Elementary School","Elementary",0.247,382,0.3066,353,-0.0596,29,5,FALSE
"383",1370,"North Preparatory Junior Public School","Elementary",0.2428,383,0.216,391,0.0268,-8,5,FALSE
"384",11,"Seneca Hill Public School","Elementary",0.2428,384,0.2159,392,0.0269,-8,4,FALSE
"385",1131,"Chief Dan George Public School","Elementary",0.2377,385,0.3004,356,-0.0627,29,5,FALSE
"386",1269,"Annette Street Junior and Senior Public School","Elementary",0.2361,386,0.2232,388,0.0129,-2,7,FALSE
"387",1068,"Park Lawn Junior Middle School","Elementary",0.2359,387,0.2516,378,-0.0157,9,5,FALSE
"388",1061,"Lanor Junior Middle School","Elementary",0.2357,388,0.2166,390,0.0191,-2,4,FALSE
"389",1373,"Norway Junior Public School","Elementary",0.2345,389,0.3072,352,-0.0727,37,4,FALSE
"390",1380,"Palmerston Avenue Junior Public School","Elementary",0.2337,390,0.2192,389,0.0145,1,5,FALSE
"391",1442,"Humewood Community School","Elementary",0.2329,391,0.2283,386,0.00459999999999999,5,3,FALSE
"392",3995,"Thomas L Wells Public School","Elementary",0.2323,392,0.2974,358,-0.0651,34,5,FALSE
"393",25,"Bayview Middle School","Elementary",0.2281,393,0.2091,394,0.019,-1,3,FALSE
"394",1313,"Fern Avenue Junior and Senior Public School","Elementary",0.2228,394,0.2325,383,-0.00970000000000001,11,7,FALSE
"395",1412,"West Preparatory Junior Public School","Elementary",0.2185,395,0.229,385,-0.0105,10,5,FALSE
"396",123,"Hillmount Public School","Elementary",0.2126,396,0.2358,382,-0.0232,14,3,FALSE
"397",1114,"Blantyre Public School","Elementary",0.1985,397,0.1982,397,0.000300000000000022,0,3,FALSE
"398",4073,"Brookside Public School","Elementary",0.196,398,0.2379,380,-0.0419,18,3,FALSE
"399",1290,"City View Alternative Senior School","Elementary",0.1929,399,0.255,375,-0.0621,24,5,FALSE
"400",1152,"Fairmount Junior Public School","Elementary",0.1909,400,0.2765,365,-0.0856,35,4,FALSE
"401",1205,"Meadowvale Public School","Elementary",0.1904,401,0.2053,395,-0.0149,6,3,FALSE
"402",1368,"Mountview Alternative Junior School","Elementary",0.184,402,0.1938,399,-0.0098,3,4,FALSE
"403",110,"Elkhorn Public School","Elementary",0.1805,403,0.179,400,0.0015,3,3,FALSE
"404",1407,"Swansea Junior and Senior Public School","Elementary",0.1791,404,0.1049,424,0.0742,-20,6,FALSE
"405",1065,"Millwood Junior School","Elementary",0.1775,405,0.1534,407,0.0241,-2,3,FALSE
"406",3370,"Karen Kain School of the Arts","Elementary",0.1759,406,0.1598,405,0.0161,1,6,FALSE
"407",17,"Avondale Alternative Elementary School","Elementary",0.172,407,0.1441,413,0.0279,-6,4,FALSE
"408",1088,"Wedgewood Junior School","Elementary",0.1685,408,0.1495,410,0.019,-2,3,FALSE
"409",1056,"John G Althouse Middle School","Elementary",0.1597,409,0.1463,411,0.0134,-2,5,FALSE
"410",241,"Claude Watson School for the Arts","Elementary",0.1564,410,0.1075,423,0.0489,-13,6,FALSE
"411",1329,"High Park Alternative Junior School","Elementary",0.1462,411,0.0909,428,0.0553,-17,5,FALSE
"412",104,"Dunlace Public School","Elementary",0.1437,412,0.1591,406,-0.0154,6,3,FALSE
"413",1332,"Horizon Alternative Senior School","Elementary",0.1424,413,0.1781,401,-0.0357,12,4,FALSE
"414",27,"Steelesview Public School","Elementary",0.1388,414,0.136,417,0.0028,-3,3,FALSE
"415",1132,"Chine Drive Public School","Elementary",0.1378,415,0.1278,419,0.01,-4,4,FALSE
"416",1339,"Island Public/Natural Science School","Elementary",0.1358,416,0.1529,409,-0.0171,7,4,FALSE
"417",1421,"Withrow Avenue Junior Public School","Elementary",0.1357,417,0.161,404,-0.0253,13,5,FALSE
"418",1126,"Centennial Road Junior Public School","Elementary",0.1308,418,0.1764,402,-0.0456,16,5,FALSE
"419",74,"Churchill Public School","Elementary",0.1298,419,0.0947,426,0.0351,-7,3,FALSE
"420",1008,"Diefenbaker Elementary School","Elementary",0.1267,420,0.2003,396,-0.0736,24,3,FALSE
"421",1308,"East Alternative School of Toronto","Elementary",0.1255,421,0.1362,416,-0.0107,5,5,FALSE
"422",342,"Windfields Junior High School","Elementary",0.1244,422,0.1367,415,-0.0123,7,4,FALSE
"423",92,"Arbor Glen Public School","Elementary",0.1235,423,0.1533,408,-0.0298,15,4,FALSE
"424",1333,"Howard Junior Public School","Elementary",0.1223,424,0.1399,414,-0.0176,10,4,FALSE
"425",206,"Norman Ingram Public School","Elementary",0.112,425,0.1754,403,-0.0634,22,4,FALSE
"426",1330,"Hillcrest Community School","Elementary",0.1073,426,0.1089,422,-0.00159999999999999,4,3,FALSE
"427",1257,"William G Davis Junior Public School","Elementary",0.1072,427,0.0865,429,0.0207,-2,6,FALSE
"428",1318,"Garden Avenue Junior Public School","Elementary",0.105,428,0.1442,412,-0.0392,16,5,FALSE
"429",1128,"Charlottetown Junior Public School","Elementary",0.1044,429,0.0946,427,0.0098,2,4,FALSE
"430",1264,"Adam Beck Junior Public School","Elementary",0.1041,430,0.1356,418,-0.0315,12,5,FALSE
"431",1322,"Glen Ames Senior Public School","Elementary",0.1025,431,0.1112,421,-0.0087,10,5,FALSE
"432",1316,"Forest Hill Junior and Senior Public School","Elementary",0.1004,432,0.1028,425,-0.0024,7,7,FALSE
"433",58,"Cameron Public School","Elementary",0.0963,433,0.0763,433,0.02,0,3,FALSE
"434",1317,"Frankland Community School","Elementary",0.0935,434,0.1144,420,-0.0209,14,3,FALSE
"435",1331,"Hodgson Senior Public School","Elementary",0.0884,435,0.0723,435,0.0161,0,4,FALSE
"436",162,"Harrison Public School","Elementary",0.0821,436,0.0647,438,0.0174,-2,3,FALSE
"437",1297,"Deer Park Junior and Senior Public School","Elementary",0.0774,437,0.0715,436,0.0059,1,7,FALSE
"438",336,"St Andrew's Junior High School","Elementary",0.0763,438,0.081,431,-0.0047,7,5,FALSE
"439",214,"Owen Public School","Elementary",0.0705,439,0.073,434,-0.0025,5,3,FALSE
"440",189,"Ledbury Park Elementary and Middle School","Elementary",0.0698,440,0.0796,432,-0.0098,8,6,FALSE
"441",1066,"Norseman Junior Middle School","Elementary",0.0686,441,0.0829,430,-0.0143,11,4,FALSE
"442",1017,"Presteign Heights Elementary School","Elementary",0.0648,442,0.0447,445,0.0201,-3,4,FALSE
"443",1188,"Joseph Howe Senior Public School","Elementary",0.0561,443,0.0606,440,-0.0045,3,5,FALSE
"444",1418,"Williamson Road Junior Public School","Elementary",0.0552,444,0.0543,442,0.000899999999999998,2,5,FALSE
"445",1015,"Northlea Elementary and Middle School","Elementary",0.0539,445,0.0608,439,-0.0069,6,5,FALSE
"446",1389,"Quest Alternative Senior School","Elementary",0.0513,446,0.0557,441,-0.0044,5,4,FALSE
"447",262,"Summit Heights Public School","Elementary",0.0504,447,0.0431,447,0.0073,0,4,FALSE
"448",1397,"Runnymede Junior and Senior Public School","Elementary",0.0486,448,0.0539,443,-0.00530000000000001,5,6,FALSE
"449",1073,"Rosethorn Junior School","Elementary",0.0455,449,0.0372,448,0.0083,1,3,FALSE
"450",234,"Rippleton Public School","Elementary",0.0441,450,0.0703,437,-0.0262,13,3,FALSE
"451",1427,"Cedarvale Community School","Elementary",0.0413,451,0.034,449,0.0073,2,3,FALSE
"452",1340,"Jackman Avenue Junior Public School","Elementary",0.0402,452,0.0534,444,-0.0132,8,5,FALSE
"453",1396,"Rosedale Junior Public School","Elementary",0.0341,453,0.0232,454,0.0109,-1,4,FALSE
"454",1294,"Cottingham Junior Public School","Elementary",0.0338,454,0.0334,450,0.000399999999999998,4,4,FALSE
"455",1350,"Kew Beach Junior Public School","Elementary",0.0327,455,0.0438,446,-0.0111,9,5,FALSE
"456",1270,"Balmy Beach Community School","Elementary",0.0247,456,0.0223,455,0.0024,1,4,FALSE
"457",1253,"West Rouge Junior Public School","Elementary",0.0233,457,0.0235,453,-0.000199999999999999,4,5,FALSE
"458",1281,"Brown Junior Public School","Elementary",0.0225,458,0.0273,452,-0.0048,6,4,FALSE
"459",1019,"Rolph Road Elementary School","Elementary",0.0194,459,0.0187,457,0.000699999999999999,2,4,FALSE
"460",1002,"Bennington Heights Elementary School","Elementary",0.0191,460,0.0176,458,0.0015,2,4,FALSE
"461",1343,"John Fisher Junior Public School","Elementary",0.0146,461,0.0175,459,-0.0029,2,5,FALSE
"462",173,"Denlow Public School","Elementary",0.0132,462,0.019,456,-0.0058,6,3,FALSE
"463",1082,"St George's Junior School","Elementary",0.013,463,0.0128,461,0.000199999999999999,2,4,FALSE
"464",1402,"Spectrum Alternative Senior School","Elementary",0.0124,464,0.0282,451,-0.0158,13,4,FALSE
"465",1323,"Glenview Senior Public School","Elementary",0.0115,465,0.0111,463,0.000399999999999999,2,4,FALSE
"466",1138,"Courcelette Public School","Elementary",0.0106,466,0.0092,464,0.0014,2,3,FALSE
"467",1003,"Bessborough Drive Elementary and Middle School","Elementary",0.0094,467,0.0085,466,9e-04,1,6,FALSE
"468",18,"Armour Heights Public School","Elementary",0.0093,468,0.0083,467,0.000999999999999999,1,4,FALSE
"469",1050,"Humber Valley Village Junior Middle School","Elementary",0.0092,469,0.0138,460,-0.0046,9,6,FALSE
"470",1361,"Maurice Cody Junior Public School","Elementary",0.0082,470,0.0119,462,-0.0037,8,5,FALSE
"471",1378,"Oriole Park Junior Public School","Elementary",0.0079,471,0.0072,468,0.000700000000000001,3,5,FALSE
"472",1272,"Bedford Park Junior Public School","Elementary",0.0058,472,0.0071,469,-0.0013,3,5,FALSE
"473",1266,"Allenby Junior Public School","Elementary",0.0056,473,0.0089,465,-0.0033,8,4,FALSE
"474",1345,"John Wanless Junior Public School","Elementary",0.0054,474,0.0056,470,-2e-04,4,5,FALSE
"475",1083,"Sunnylea Junior School","Elementary",0.0035,475,0.0051,471,-0.0016,4,3,FALSE
"476",1060,"Lambton-Kingsway Junior Middle School","Elementary",0.0014,476,0.0018,472,-4e-04,4,4,FALSE
"477",1344,"John Ross Robertson Junior Public School","Elementary",0.0013,477,0.001,473,3e-04,4,6,FALSE
"478",1278,"Blythwood Junior Public School","Elementary",2e-04,478,2e-04,474,0,4,4,FALSE
"479",1415,"Whitney Junior Public School","Elementary",1e-04,479,1e-04,475,0,4,4,FALSE
"480",448,"Westview Centennial Secondary School","Secondary",0.9559,1,0.9541,2,0.00180000000000002,-1,4,FALSE
"481",411,"Nelson A Boylen Collegiate Institute","Secondary",0.9503,2,0.9467,3,0.00360000000000005,-1,5,TRUE
"482",1309,"Eastdale Collegiate Institute","Secondary",0.9449,3,0.9404,5,0.00449999999999995,-2,3,TRUE
"483",1310,"Eastern Commerce Collegiate Institute","Secondary",0.9446,4,0.9366,6,0.00800000000000001,-2,4,TRUE
"484",1457,"York Humber High School","Secondary",0.9432,5,0.9577,1,-0.0145,4,4,FALSE
"485",420,"Downsview Secondary School","Secondary",0.9293,6,0.9246,7,0.00470000000000004,-1,3,FALSE
"486",3994,"Year Round Alternative School","Secondary",0.9133,7,0.9152,8,-0.00190000000000001,-1,4,FALSE
"487",2271,"Native Learning Centre","Secondary",0.8962,8,0.9421,4,-0.0459000000000001,4,3,FALSE
"488",3947,"Yorkdale Secondary School","Secondary",0.8899,9,0.8445,15,0.0454,-6,3,FALSE
"489",437,"Sir Sandford Fleming Academy","Secondary",0.8893,10,0.8771,9,0.0122,1,4,TRUE
"490",1451,"Runnymede Collegiate Institute","Secondary",0.8788,11,0.8506,14,0.0282,-3,3,TRUE
"491",1436,"George Harvey Collegiate Institute","Secondary",0.8759,12,0.8753,10,0.000600000000000045,2,4,TRUE
"492",1435,"Frank Oke Secondary School","Secondary",0.8585,13,0.8727,11,-0.0142,2,4,FALSE
"493",1284,"Central Commerce Collegiate Institute","Secondary",0.8419,14,0.8346,18,0.00729999999999997,-4,4,TRUE
"494",1328,"Heydon Park Secondary School","Secondary",0.8388,15,0.8635,12,-0.0247000000000001,3,4,FALSE
"495",441,"C W Jefferys Collegiate Institute","Secondary",0.8383,16,0.8332,19,0.00509999999999999,-3,5,TRUE
"496",1458,"York Memorial Collegiate Institute","Secondary",0.8351,17,0.83,20,0.00509999999999999,-3,4,TRUE
"497",1107,"Bendale Business and Technical Institute","Secondary",0.8308,18,0.8444,16,-0.0136000000000001,2,5,TRUE
"498",1325,"Greenwood Secondary School","Secondary",0.8307,19,0.804,25,0.0266999999999999,-6,3,FALSE
"499",1341,"Jarvis Collegiate Institute","Secondary",0.8243,20,0.769,29,0.0553,-9,3,TRUE
"500",1234,"Sir Robert L Borden Business and Technical Institute","Secondary",0.8184,21,0.8365,17,-0.0181,4,8,TRUE
"501",1035,"Central Etobicoke High School","Secondary",0.8082,22,0.8088,24,-0.000599999999999934,-2,4,FALSE
"502",434,"Emery Collegiate Institute","Secondary",0.7983,23,0.8016,26,-0.00329999999999997,-3,3,TRUE
"503",1200,"Maplewood High School","Secondary",0.7883,24,0.8174,21,-0.0291,3,3,FALSE
"504",4028,"South-East Year-Round Alternative Centre","Secondary",0.7835,25,0.7658,30,0.0176999999999999,-5,4,FALSE
"505",1455,"Weston Collegiate Institute","Secondary",0.7828,26,0.7999,27,-0.0171,-1,3,TRUE
"506",1411,"West End Alternative School","Secondary",0.7822,27,0.7598,32,0.0224,-5,4,FALSE
"507",1510,"Overflow Centre","Secondary",0.7822,28,0.8595,13,-0.0773,15,2,FALSE
"508",1375,"Oasis Alternative Secondary School","Secondary",0.7549,29,0.6647,48,0.0902000000000001,-19,4,FALSE
"509",1227,"Scarborough Centre for Alternative Studies","Secondary",0.7506,30,0.6973,39,0.0533,-9,5,FALSE
"510",3369,"CALC Secondary School","Secondary",0.7472,31,0.7401,33,0.0071,-2,3,FALSE
"511",1293,"Contact Alternative School","Secondary",0.7406,32,0.7,38,0.0406000000000001,-6,3,FALSE
"512",4016,"Etobicoke Year-Round Alternative Centre","Secondary",0.7374,33,0.7658,31,-0.0284,2,4,FALSE
"513",3368,"Burnhamthorpe Collegiate Institute","Secondary",0.735,34,0.791,28,-0.056,6,3,TRUE
"514",1285,"Central Technical School","Secondary",0.7339,35,0.7234,34,0.0105,1,3,FALSE
"515",1404,"Subway Academy I","Secondary",0.7299,36,0.6902,41,0.0397,-5,3,TRUE
"516",1074,"Scarlett Heights Entrepreneurial Academy","Secondary",0.721,37,0.6555,50,0.0655,-13,4,TRUE
"517",1058,"Kipling Collegiate Institute","Secondary",0.7139,38,0.6929,40,0.021,-2,3,TRUE
"518",1009,"East York Alternative Secondary School","Secondary",0.705,39,0.6566,49,0.0484,-10,5,FALSE
"519",4068,"North-East Year-Round Alternative Centre","Secondary",0.6931,40,0.8154,22,-0.1223,18,4,FALSE
"520",1276,"Bloor Collegiate Institute","Secondary",0.6926,41,0.6801,45,0.0125,-4,3,TRUE
"521",1261,"Winston Churchill Collegiate Institute","Secondary",0.6861,42,0.682,44,0.00409999999999999,-2,4,TRUE
"522",1124,"Cedarbrae Collegiate Institute","Secondary",0.682,43,0.6871,42,-0.00509999999999999,1,3,TRUE
"523",1295,"Danforth Collegiate and Technical Institute","Secondary",0.6729,44,0.6662,47,0.00670000000000004,-3,5,TRUE
"524",1383,"Parkdale Collegiate Institute","Secondary",0.6699,45,0.7105,37,-0.0406,8,3,TRUE
"525",1140,"David and Mary Thomson Collegiate Institute","Secondary",0.6624,46,0.6332,52,0.0292,-6,6,TRUE
"526",1085,"Thistletown Collegiate Institute","Secondary",0.6596,47,0.6662,46,-0.00660000000000005,1,3,TRUE
"527",1237,"Sir William Osler High School","Secondary",0.6532,48,0.6467,51,0.00649999999999995,-3,5,FALSE
"528",1365,"Monarch Park Collegiate Institute","Secondary",0.6458,49,0.7149,35,-0.0690999999999999,14,4,TRUE
"529",512,"Drewry Secondary School","Secondary",0.6318,50,0.7126,36,-0.0808,14,3,FALSE
"530",1392,"Riverdale Collegiate Institute","Secondary",0.5782,51,0.5283,58,0.0499000000000001,-7,3,TRUE
"531",1236,"Sir Wilfrid Laurier Collegiate Institute","Secondary",0.5649,52,0.5896,54,-0.0247000000000001,-2,5,TRUE
"532",1374,"Oakwood Collegiate Institute","Secondary",0.5617,53,0.5382,57,0.0235,-4,3,TRUE
"533",1010,"East York Collegiate Institute","Secondary",0.5601,54,0.5731,55,-0.013,-1,4,TRUE
"534",1414,"Western Technical-Commercial School","Secondary",0.5489,55,0.5086,61,0.0403,-6,3,FALSE
"535",1226,"SATEC @ W A Porter Collegiate Institute","Secondary",0.538,56,0.5556,56,-0.0175999999999999,0,7,TRUE
"536",1067,"North Albion Collegiate Institute","Secondary",0.5355,57,0.5951,53,-0.0596,4,4,TRUE
"537",1075,"School of Experiential Education","Secondary",0.5208,58,0.3083,80,0.2125,-22,4,FALSE
"538",1113,"Birchmount Park Collegiate Institute","Secondary",0.5075,59,0.4688,66,0.0387,-7,4,TRUE
"539",1221,"R H King Academy","Secondary",0.4972,60,0.5148,59,-0.0176000000000001,1,4,TRUE
"540",1014,"Marc Garneau Collegiate Institute","Secondary",0.4931,61,0.4878,63,0.00529999999999997,-2,4,TRUE
"541",1091,"West Humber Collegiate Institute","Secondary",0.493,62,0.5053,62,-0.0123,0,4,TRUE
"542",1240,"Stephen Leacock Collegiate Institute","Secondary",0.4913,63,0.4741,65,0.0172,-2,4,TRUE
"543",1405,"Subway Academy II","Secondary",0.4833,64,0.3666,71,0.1167,-7,3,TRUE
"544",1251,"West Hill Collegiate Institute","Secondary",0.4808,65,0.5118,60,-0.031,5,4,TRUE
"545",1059,"Lakeshore Collegiate Institute","Secondary",0.4472,66,0.4806,64,-0.0334,2,3,TRUE
"546",442,"Newtonbrook Secondary School","Secondary",0.4321,67,0.3491,73,0.083,-6,3,FALSE
"547",1453,"Vaughan Road Academy","Secondary",0.4321,68,0.3394,75,0.0927,-7,3,TRUE
"548",1326,"Harbord Collegiate Institute","Secondary",0.4115,69,0.3957,69,0.0158,0,3,TRUE
"549",1254,"Wexford Collegiate School for the Arts","Secondary",0.4083,70,0.3972,68,0.0111,2,6,TRUE
"550",439,"George S Henry Academy","Secondary",0.3966,71,0.3399,74,0.0567,-3,4,TRUE
"551",1191,"L'Amoreaux Collegiate Institute","Secondary",0.3864,72,0.4035,67,-0.0171,5,3,TRUE
"552",447,"Victoria Park Collegiate Institute","Secondary",0.3819,73,0.3863,70,-0.00439999999999996,3,4,TRUE
"553",1399,"SEED Alternative School","Secondary",0.3634,74,0.2104,89,0.153,-15,3,FALSE
"554",440,"Northview Heights Secondary School","Secondary",0.3618,75,0.3229,77,0.0389,-2,4,FALSE
"555",446,"Georges Vanier Secondary School","Secondary",0.3585,76,0.297,81,0.0615,-5,4,FALSE
"556",1101,"Alternative Scarborough Education 1 (ASE1)","Secondary",0.317,77,0.3145,79,0.0025,-2,5,FALSE
"557",1192,"Lester B Pearson Collegiate Institute","Secondary",0.3155,78,0.364,72,-0.0485,6,5,TRUE
"558",1400,"School of Life Experience","Secondary",0.3051,79,0.1526,91,0.1525,-12,4,FALSE
"559",1262,"Woburn Collegiate Institute","Secondary",0.2847,80,0.3328,76,-0.0481,4,3,TRUE
"560",1095,"Agincourt Collegiate Institute","Secondary",0.2839,81,0.3146,78,-0.0307,3,3,TRUE
"561",444,"William Lyon Mackenzie Collegiate Institute","Secondary",0.275,82,0.2904,82,-0.0154,0,5,TRUE
"562",1062,"Martingrove Collegiate Institute","Secondary",0.2532,83,0.2225,88,0.0307,-5,3,TRUE
"563",415,"Don Mills Collegiate Institute","Secondary",0.246,84,0.2517,85,-0.00569999999999998,-1,4,TRUE
"564",1098,"Albert Campbell Collegiate Institute","Secondary",0.2229,85,0.2711,83,-0.0482,2,4,TRUE
"565",1232,"Sir John A Macdonald Collegiate Institute","Secondary",0.2221,86,0.2371,87,-0.015,-1,6,TRUE
"566",1145,"Dr Norman Bethune Collegiate Institute","Secondary",0.2205,87,0.2658,84,-0.0453,3,5,TRUE
"567",1102,"Delphi Secondary Alternative School","Secondary",0.2049,88,0.248,86,-0.0431,2,4,FALSE
"568",1395,"Rosedale Heights School of the Arts","Secondary",0.1613,89,0.1826,90,-0.0213,-1,6,FALSE
"569",432,"A Y Jackson Secondary School","Secondary",0.1397,90,0.1342,94,0.00549999999999998,-4,5,FALSE
"570",1079,"Silverthorn Collegiate Institute","Secondary",0.1361,91,0.1417,92,-0.00559999999999999,-1,3,TRUE
"571",409,"Avondale Alternative Secondary School","Secondary",0.1123,92,0.1343,93,-0.022,-1,4,FALSE
"572",1408,"THESTUDENTSCHOOL","Secondary",0.1118,93,0.1265,95,-0.0147,-2,1,FALSE
"573",430,"Earl Haig Secondary School","Secondary",0.1093,94,0.1001,96,0.0092,-2,4,FALSE
"574",1071,"Richview Collegiate Institute","Secondary",0.0856,95,0.0623,102,0.0233,-7,3,TRUE
"575",1289,"City School","Secondary",0.0835,96,0.0805,99,0.003,-3,2,FALSE
"576",1043,"Etobicoke Collegiate Institute","Secondary",0.0818,97,0.0916,97,-0.0098,0,3,TRUE
"577",1315,"Forest Hill Collegiate Institute","Secondary",0.0789,98,0.0746,101,0.0043,-3,4,TRUE
"578",1338,"Inglenook Community School","Secondary",0.0769,99,0.0762,100,0.000699999999999992,-1,3,FALSE
"579",1409,"Ursula Franklin Academy","Secondary",0.0724,100,0.0873,98,-0.0149,2,3,TRUE
"580",1335,"Humberside Collegiate Institute","Secondary",0.0603,101,0.0523,104,0.008,-3,3,TRUE
"581",1044,"Etobicoke School of the Arts","Secondary",0.0455,102,0.0559,103,-0.0104,-1,5,FALSE
"582",450,"York Mills Collegiate Institute","Secondary",0.0389,103,0.0442,105,-0.00530000000000001,-2,4,TRUE
"583",1372,"Northern Secondary School","Secondary",0.0361,104,0.0286,107,0.0075,-3,3,FALSE
"584",1371,"North Toronto Collegiate Institute","Secondary",0.0233,105,0.027,108,-0.0037,-3,4,TRUE
"585",1358,"Malvern Collegiate Institute","Secondary",0.0232,106,0.031,106,-0.0078,0,3,TRUE
"586",1233,"Sir Oliver Mowat Collegiate Institute","Secondary",0.0217,107,0.0222,109,-5e-04,-2,5,TRUE
"587",1013,"Leaside High School","Secondary",0.0103,108,0.0109,110,-6e-04,-2,3,FALSE
"588",1353,"Lawrence Park Collegiate Institute","Secondary",0.0012,109,0.0011,111,9.99999999999998e-05,-2,4,TRUE
